timeStamp,elapsed,label,responseCode,responseMessage,threadName,dataType,success,failureMessage,bytes,sentBytes,grpThreads,allThreads,URL,Latency,IdleTime,Connect
1776040317000,1693,Reserve Request,200,OK,Load Testing Thread 1-15,text,true,,7349,226,40,40,https://blazedemo.com/reserve.php,1683,0,1365
1776040317525,1189,Reserve Request,200,OK,Load Testing Thread 1-35,text,true,,7349,226,40,40,https://blazedemo.com/reserve.php,1179,0,851
1776040317135,1605,Reserve Request,200,OK,Load Testing Thread 1-21,text,true,,7349,226,40,40,https://blazedemo.com/reserve.php,1598,0,1303
1776040316997,1749,Reserve Request,200,OK,Load Testing Thread 1-4,text,true,,7349,226,40,40,https://blazedemo.com/reserve.php,1743,0,1370
1776040317533,1233,Reserve Request,200,OK,Load Testing Thread 1-36,text,true,,7349,226,40,40,https://blazedemo.com/reserve.php,1222,0,887
1776040316997,1771,Reserve Request,200,OK,Load Testing Thread 1-8,text,true,,7349,226,40,40,https://blazedemo.com/reserve.php,1769,0,1417
1776040317194,1585,Reserve Request,200,OK,Load Testing Thread 1-23,text,true,,7349,226,40,40,https://blazedemo.com/reserve.php,1575,0,1249
1776040317518,1263,Reserve Request,200,OK,Load Testing Thread 1-34,text,true,,7349,226,40,40,https://blazedemo.com/reserve.php,1255,0,934
1776040317625,1158,Reserve Request,200,OK,Load Testing Thread 1-40,text,true,,7349,226,40,40,https://blazedemo.com/reserve.php,1154,0,734
1776040316997,1796,Reserve Request,200,OK,Load Testing Thread 1-1,text,true,,7349,226,40,40,https://blazedemo.com/reserve.php,1789,0,1361
1776040317105,1697,Reserve Request,200,OK,Load Testing Thread 1-20,text,true,,7349,226,40,40,https://blazedemo.com/reserve.php,1691,0,1342
1776040317375,1428,Reserve Request,200,OK,Load Testing Thread 1-30,text,true,,7349,226,40,40,https://blazedemo.com/reserve.php,1421,0,1088
1776040316997,1812,Reserve Request,200,OK,Load Testing Thread 1-11,text,true,,7349,226,40,40,https://blazedemo.com/reserve.php,1806,0,1495
1776040316997,1814,Reserve Request,200,OK,Load Testing Thread 1-10,text,true,,7349,226,40,40,https://blazedemo.com/reserve.php,1808,0,1463
1776040316997,1818,Reserve Request,200,OK,Load Testing Thread 1-5,text,true,,7349,226,40,40,https://blazedemo.com/reserve.php,1811,0,1471
1776040317546,1273,Reserve Request,200,OK,Load Testing Thread 1-37,text,true,,7349,226,40,40,https://blazedemo.com/reserve.php,1267,0,872
1776040316997,1860,Reserve Request,200,OK,Load Testing Thread 1-3,text,true,,7349,226,40,40,https://blazedemo.com/reserve.php,1854,0,1427
1776040317564,1294,Reserve Request,200,OK,Load Testing Thread 1-38,text,true,,7349,226,40,40,https://blazedemo.com/reserve.php,1292,0,893
1776040317051,1827,Reserve Request,200,OK,Load Testing Thread 1-17,text,true,,7349,226,40,40,https://blazedemo.com/reserve.php,1816,0,1391
1776040316997,1883,Reserve Request,200,OK,Load Testing Thread 1-9,text,true,,7349,226,40,40,https://blazedemo.com/reserve.php,1881,0,1366
1776040317058,1833,Reserve Request,200,OK,Load Testing Thread 1-18,text,true,,7349,226,40,40,https://blazedemo.com/reserve.php,1827,0,1409
1776040317084,1824,Reserve Request,200,OK,Load Testing Thread 1-19,text,true,,7349,226,40,40,https://blazedemo.com/reserve.php,1818,0,1397
1776040317185,1733,Reserve Request,200,OK,Load Testing Thread 1-22,text,true,,7349,226,40,40,https://blazedemo.com/reserve.php,1726,0,1285
1776040316996,1963,Reserve Request,200,OK,Load Testing Thread 1-2,text,true,,7349,226,40,40,https://blazedemo.com/reserve.php,1962,0,1480
1776040316997,1978,Reserve Request,200,OK,Load Testing Thread 1-6,text,true,,7349,226,40,40,https://blazedemo.com/reserve.php,1972,0,1448
1776040317603,1388,Reserve Request,200,OK,Load Testing Thread 1-39,text,true,,7349,226,40,40,https://blazedemo.com/reserve.php,1381,0,868
1776040317275,1741,Reserve Request,200,OK,Load Testing Thread 1-25,text,true,,7349,226,40,40,https://blazedemo.com/reserve.php,1737,0,1180
1776040317230,1808,Reserve Request,200,OK,Load Testing Thread 1-24,text,true,,7349,226,40,40,https://blazedemo.com/reserve.php,1801,0,1239
1776040316997,2094,Reserve Request,200,OK,Load Testing Thread 1-13,text,true,,7349,226,40,40,https://blazedemo.com/reserve.php,2088,0,1491
1776040317394,1770,Reserve Request,200,OK,Load Testing Thread 1-31,text,true,,7349,226,40,40,https://blazedemo.com/reserve.php,1765,0,1108
1776040316997,2188,Reserve Request,200,OK,Load Testing Thread 1-14,text,true,,7349,226,40,40,https://blazedemo.com/reserve.php,2182,0,1462
1776040317448,1759,Reserve Request,200,OK,Load Testing Thread 1-32,text,true,,7349,226,40,40,https://blazedemo.com/reserve.php,1753,0,919
1776040317332,1990,Reserve Request,200,OK,Load Testing Thread 1-27,text,true,,7349,226,40,40,https://blazedemo.com/reserve.php,1986,0,1097
1776040317008,2354,Reserve Request,200,OK,Load Testing Thread 1-16,text,true,,7349,226,40,40,https://blazedemo.com/reserve.php,2347,0,1444
1776040317331,2257,Reserve Request,200,OK,Load Testing Thread 1-26,text,true,,7349,226,40,40,https://blazedemo.com/reserve.php,2253,0,1040
1776040316997,2693,Reserve Request,200,OK,Load Testing Thread 1-12,text,true,,7349,226,40,40,https://blazedemo.com/reserve.php,2686,0,1418
1776040317496,2256,Reserve Request,200,OK,Load Testing Thread 1-33,text,true,,7349,226,40,40,https://blazedemo.com/reserve.php,2251,0,959
1776040316997,2782,Reserve Request,200,OK,Load Testing Thread 1-7,text,true,,7349,226,40,40,https://blazedemo.com/reserve.php,2772,0,1434
1776040317358,2689,Reserve Request,200,OK,Load Testing Thread 1-29,text,true,,7349,226,40,40,https://blazedemo.com/reserve.php,2683,0,1107
1776040317333,2811,Reserve Request,200,OK,Load Testing Thread 1-28,text,true,,7349,226,40,40,https://blazedemo.com/reserve.php,2805,0,1169
1776040320775,274,Purchase Request,200,OK,Load Testing Thread 1-8,text,true,,7349,269,40,40,https://blazedemo.com/reserve.php,268,0,0
1776040320806,282,Purchase Request,200,OK,Load Testing Thread 1-1,text,true,,7349,269,40,40,https://blazedemo.com/reserve.php,275,0,0
1776040320790,308,Purchase Request,200,OK,Load Testing Thread 1-40,text,true,,7349,269,40,40,https://blazedemo.com/reserve.php,301,0,0
1776040320821,282,Purchase Request,200,OK,Load Testing Thread 1-10,text,true,,7349,269,40,40,https://blazedemo.com/reserve.php,274,0,0
1776040320729,393,Purchase Request,200,OK,Load Testing Thread 1-35,text,true,,7349,269,40,40,https://blazedemo.com/reserve.php,385,0,0
1776040320825,334,Purchase Request,200,OK,Load Testing Thread 1-11,text,true,,7349,269,40,40,https://blazedemo.com/reserve.php,326,0,0
1776040320885,319,Purchase Request,200,OK,Load Testing Thread 1-17,text,true,,7349,269,40,40,https://blazedemo.com/reserve.php,310,0,0
1776040320821,389,Purchase Request,200,OK,Load Testing Thread 1-37,text,true,,7349,269,40,40,https://blazedemo.com/reserve.php,380,0,0
1776040320745,487,Purchase Request,200,OK,Load Testing Thread 1-21,text,true,,7349,269,40,40,https://blazedemo.com/reserve.php,480,0,0
1776040320869,381,Purchase Request,200,OK,Load Testing Thread 1-38,text,true,,7349,269,40,40,https://blazedemo.com/reserve.php,373,0,0
1776040320790,484,Purchase Request,200,OK,Load Testing Thread 1-23,text,true,,7349,269,40,40,https://blazedemo.com/reserve.php,475,0,0
1776040320775,501,Purchase Request,200,OK,Load Testing Thread 1-36,text,true,,7349,269,40,40,https://blazedemo.com/reserve.php,491,0,0
1776040320806,514,Purchase Request,200,OK,Load Testing Thread 1-30,text,true,,7349,269,40,40,https://blazedemo.com/reserve.php,508,0,0
1776040321029,319,Purchase Request,200,OK,Load Testing Thread 1-25,text,true,,7349,269,40,40,https://blazedemo.com/reserve.php,309,0,0
1776040320713,643,Purchase Request,200,OK,Load Testing Thread 1-15,text,true,,7349,269,40,40,https://blazedemo.com/reserve.php,636,0,0
1776040320916,451,Purchase Request,200,OK,Load Testing Thread 1-19,text,true,,7349,269,40,40,https://blazedemo.com/reserve.php,443,0,0
1776040320932,454,Purchase Request,200,OK,Load Testing Thread 1-22,text,true,,7349,269,40,40,https://blazedemo.com/reserve.php,443,0,0
1776040320885,501,Purchase Request,200,OK,Load Testing Thread 1-9,text,true,,7349,269,40,40,https://blazedemo.com/reserve.php,491,0,0
1776040320900,509,Purchase Request,200,OK,Load Testing Thread 1-18,text,true,,7349,269,40,40,https://blazedemo.com/reserve.php,500,0,0
1776040320806,658,Purchase Request,200,OK,Load Testing Thread 1-20,text,true,,7349,269,40,40,https://blazedemo.com/reserve.php,650,0,0
1776040321195,269,Purchase Request,200,OK,Load Testing Thread 1-14,text,true,,7349,269,40,40,https://blazedemo.com/reserve.php,263,0,0
1776040320821,645,Purchase Request,200,OK,Load Testing Thread 1-5,text,true,,7349,269,40,40,https://blazedemo.com/reserve.php,637,0,0
1776040321210,277,Purchase Request,200,OK,Load Testing Thread 1-32,text,true,,7349,269,40,40,https://blazedemo.com/reserve.php,266,0,0
1776040320760,774,Purchase Request,200,OK,Load Testing Thread 1-4,text,true,,7349,269,40,40,https://blazedemo.com/reserve.php,750,0,0
1776040320869,687,Purchase Request,200,OK,Load Testing Thread 1-3,text,true,,7349,269,40,40,https://blazedemo.com/reserve.php,681,0,0
1776040321046,538,Purchase Request,200,OK,Load Testing Thread 1-24,text,true,,7349,269,40,40,https://blazedemo.com/reserve.php,533,0,0
1776040320979,620,Purchase Request,200,OK,Load Testing Thread 1-6,text,true,,7349,269,40,40,https://blazedemo.com/reserve.php,611,0,0
1776040320997,634,Purchase Request,200,OK,Load Testing Thread 1-39,text,true,,7349,269,40,40,https://blazedemo.com/reserve.php,627,0,0
1776040321103,561,Purchase Request,200,OK,Load Testing Thread 1-13,text,true,,7349,269,40,40,https://blazedemo.com/reserve.php,555,0,0
1776040320964,747,Purchase Request,200,OK,Load Testing Thread 1-2,text,true,,7349,269,40,40,https://blazedemo.com/reserve.php,738,0,0
1776040321595,306,Purchase Request,200,OK,Load Testing Thread 1-26,text,true,,7349,269,40,40,https://blazedemo.com/reserve.php,301,0,0
1776040321333,603,Purchase Request,200,OK,Load Testing Thread 1-27,text,true,,7349,269,40,40,https://blazedemo.com/reserve.php,595,0,0
1776040321179,774,Purchase Request,200,OK,Load Testing Thread 1-31,text,true,,7349,269,40,40,https://blazedemo.com/reserve.php,766,0,0
1776040321364,679,Purchase Request,200,OK,Load Testing Thread 1-16,text,true,,7349,269,40,40,https://blazedemo.com/reserve.php,673,0,0
1776040320790,1276,Purchase Request,200,OK,Load Testing Thread 1-34,text,true,,7349,269,40,40,https://blazedemo.com/reserve.php,1266,0,0
1776040321765,304,Purchase Request,200,OK,Load Testing Thread 1-33,text,true,,7349,269,40,40,https://blazedemo.com/reserve.php,298,0,0
1776040321702,442,Purchase Request,200,OK,Load Testing Thread 1-12,text,true,,7349,269,40,40,https://blazedemo.com/reserve.php,435,0,0
1776040321781,405,Purchase Request,200,OK,Load Testing Thread 1-7,text,true,,7349,269,40,40,https://blazedemo.com/reserve.php,398,0,0
1776040322062,400,Purchase Request,200,OK,Load Testing Thread 1-29,text,true,,7349,269,40,40,https://blazedemo.com/reserve.php,386,0,0
1776040322153,799,Purchase Request,200,OK,Load Testing Thread 1-28,text,true,,7349,269,40,40,https://blazedemo.com/reserve.php,792,0,0
1776040331114,357,Confirmation Request,200,OK,Load Testing Thread 1-10,text,true,,5780,364,40,40,https://blazedemo.com/confirmation.php,353,0,0
1776040331130,387,Confirmation Request,200,OK,Load Testing Thread 1-35,text,true,,5780,364,39,39,https://blazedemo.com/confirmation.php,381,0,0
1776040331253,300,Confirmation Request,200,OK,Load Testing Thread 1-38,text,true,,5780,364,38,38,https://blazedemo.com/confirmation.php,294,0,0
1776040331284,310,Confirmation Request,200,OK,Load Testing Thread 1-36,text,true,,5780,364,37,37,https://blazedemo.com/confirmation.php,307,0,0
1776040331114,496,Confirmation Request,200,OK,Load Testing Thread 1-40,text,true,,5780,364,36,36,https://blazedemo.com/confirmation.php,492,0,0
1776040331206,422,Confirmation Request,200,OK,Load Testing Thread 1-17,text,true,,5780,364,35,35,https://blazedemo.com/confirmation.php,419,0,0
1776040331331,300,Confirmation Request,200,OK,Load Testing Thread 1-30,text,true,,5780,364,34,34,https://blazedemo.com/confirmation.php,294,0,0
1776040331099,551,Confirmation Request,200,OK,Load Testing Thread 1-1,text,true,,5780,364,33,33,https://blazedemo.com/confirmation.php,546,0,0
1776040331284,388,Confirmation Request,200,OK,Load Testing Thread 1-23,text,true,,5780,364,32,32,https://blazedemo.com/confirmation.php,382,0,0
1776040331393,304,Confirmation Request,200,OK,Load Testing Thread 1-9,text,true,,5780,364,31,31,https://blazedemo.com/confirmation.php,299,0,0
1776040331393,345,Confirmation Request,200,OK,Load Testing Thread 1-22,text,true,,5780,364,30,30,https://blazedemo.com/confirmation.php,341,0,0
1776040331473,314,Confirmation Request,200,OK,Load Testing Thread 1-5,text,true,,5780,364,29,29,https://blazedemo.com/confirmation.php,309,0,0
1776040331222,573,Confirmation Request,200,OK,Load Testing Thread 1-37,text,true,,5780,364,28,28,https://blazedemo.com/confirmation.php,564,0,0
1776040331237,598,Confirmation Request,200,OK,Load Testing Thread 1-21,text,true,,5780,364,27,27,https://blazedemo.com/confirmation.php,595,0,0
1776040331378,471,Confirmation Request,200,OK,Load Testing Thread 1-19,text,true,,5780,364,26,26,https://blazedemo.com/confirmation.php,464,0,0
1776040331476,373,Confirmation Request,200,OK,Load Testing Thread 1-14,text,true,,5780,364,26,26,https://blazedemo.com/confirmation.php,368,0,0
1776040331051,825,Confirmation Request,200,OK,Load Testing Thread 1-8,text,true,,5780,364,24,24,https://blazedemo.com/confirmation.php,821,0,0
1776040331473,415,Confirmation Request,200,OK,Load Testing Thread 1-20,text,true,,5780,364,23,23,https://blazedemo.com/confirmation.php,411,0,0
1776040331175,725,Confirmation Request,200,OK,Load Testing Thread 1-11,text,true,,5780,364,22,22,https://blazedemo.com/confirmation.php,722,0,0
1776040331362,578,Confirmation Request,200,OK,Load Testing Thread 1-25,text,true,,5780,364,21,21,https://blazedemo.com/confirmation.php,572,0,0
1776040331549,402,Confirmation Request,200,OK,Load Testing Thread 1-4,text,true,,5780,364,20,20,https://blazedemo.com/confirmation.php,397,0,0
1776040331641,347,Confirmation Request,200,OK,Load Testing Thread 1-39,text,true,,5780,364,19,19,https://blazedemo.com/confirmation.php,342,0,0
1776040331565,435,Confirmation Request,200,OK,Load Testing Thread 1-3,text,true,,5780,364,18,18,https://blazedemo.com/confirmation.php,427,0,0
1776040331672,348,Confirmation Request,200,OK,Load Testing Thread 1-13,text,true,,5780,364,17,17,https://blazedemo.com/confirmation.php,345,0,0
1776040331598,460,Confirmation Request,200,OK,Load Testing Thread 1-24,text,true,,5780,364,16,16,https://blazedemo.com/confirmation.php,454,0,0
1776040331491,618,Confirmation Request,200,OK,Load Testing Thread 1-32,text,true,,5780,364,15,15,https://blazedemo.com/confirmation.php,614,0,0
1776040331362,880,Confirmation Request,200,OK,Load Testing Thread 1-15,text,true,,5780,364,14,14,https://blazedemo.com/confirmation.php,870,0,0
1776040331947,302,Confirmation Request,200,OK,Load Testing Thread 1-27,text,true,,5780,364,13,13,https://blazedemo.com/confirmation.php,298,0,0
1776040331718,714,Confirmation Request,200,OK,Load Testing Thread 1-2,text,true,,5780,364,12,12,https://blazedemo.com/confirmation.php,711,0,0
1776040332054,394,Confirmation Request,200,OK,Load Testing Thread 1-16,text,true,,5780,364,11,11,https://blazedemo.com/confirmation.php,390,0,0
1776040332070,449,Confirmation Request,200,OK,Load Testing Thread 1-34,text,true,,5780,364,10,10,https://blazedemo.com/confirmation.php,444,0,0
1776040332148,390,Confirmation Request,200,OK,Load Testing Thread 1-12,text,true,,5780,364,9,9,https://blazedemo.com/confirmation.php,385,0,0
1776040332194,459,Confirmation Request,200,OK,Load Testing Thread 1-7,text,true,,5780,364,8,8,https://blazedemo.com/confirmation.php,455,0,0
1776040331962,872,Confirmation Request,200,OK,Load Testing Thread 1-31,text,true,,5780,364,7,7,https://blazedemo.com/confirmation.php,870,0,0
1776040332470,380,Confirmation Request,200,OK,Load Testing Thread 1-29,text,true,,5780,364,6,6,https://blazedemo.com/confirmation.php,375,0,0
1776040332071,814,Confirmation Request,200,OK,Load Testing Thread 1-33,text,true,,5780,364,5,5,https://blazedemo.com/confirmation.php,809,0,0
1776040331425,1511,Confirmation Request,200,OK,Load Testing Thread 1-18,text,true,,5780,364,4,4,https://blazedemo.com/confirmation.php,1506,0,0
1776040331612,1376,Confirmation Request,200,OK,Load Testing Thread 1-6,text,true,,5780,364,3,3,https://blazedemo.com/confirmation.php,1370,0,0
1776040332965,296,Confirmation Request,200,OK,Load Testing Thread 1-28,text,true,,5780,364,2,2,https://blazedemo.com/confirmation.php,288,0,0
1776040331915,1646,Confirmation Request,200,OK,Load Testing Thread 1-26,text,true,,5780,364,1,1,https://blazedemo.com/confirmation.php,1642,0,0
